<?xml version="1.0" encoding="UTF-8"?>
<beans xmlns="http://www.springframework.org/schema/beans"
    xmlns:xsi="http://www.w3.org/2001/XMLSchema-instance" 
    xmlns:context="http://www.springframework.org/schema/context"
    xmlns:tx="http://www.springframework.org/schema/tx" 
    xmlns:p="http://www.springframework.org/schema/p"
    xsi:schemaLocation="
                http://www.springframework.org/schema/beans     
                http://www.springframework.org/schema/beans/spring-beans-3.1.xsd
                http://www.springframework.org/schema/tx 
                http://www.springframework.org/schema/tx/spring-tx-3.1.xsd
                http://www.springframework.org/schema/context 
                http://www.springframework.org/schema/context/spring-context-3.1.xsd">

	<tx:annotation-driven />
	
   <bean id="dataSource" class="org.springframework.jdbc.datasource.DriverManagerDataSource">  
        <property name="driverClassName"  value="oracle.jdbc.driver.OracleDriver"></property>  
        <property name="url" value="jdbc:oracle:thin:@localhost:1521:xe"></property>  
        <property name="username" value="hr"></property>  
        <property name="password" value="hr"></property>  
    </bean>  

	<bean id="sessionFactory"
		class="org.springframework.orm.hibernate5.LocalSessionFactoryBean">
		<property name="dataSource" ref="dataSource"></property>


		<property name="hibernateProperties">
			<props>
				<prop key="hibernate.dialect">org.hibernate.dialect.Oracle10gDialect</prop>
				<prop key="hibernate.show_sql">true</prop>
				<prop key="hibernate.hbm2ddl.auto">update</prop>
			</props>

		</property>
				<property name="annotatedClasses">
			<list>
				<value>com.virtusa.spring.employee.entity.Employee</value>
			</list>

		</property>

	</bean>
	<bean id="transactionManager"
		class="org.springframework.orm.hibernate5.HibernateTransactionManager">
		<property name="sessionFactory" ref="sessionFactory"></property>


	</bean>

	<bean id="hibernateTemplate"
		class="org.springframework.orm.hibernate5.HibernateTemplate">
		<property name="sessionFactory" ref="sessionFactory"></property>
		

	</bean>

	<bean id="empDAOImpl"
		class="com.virtusa.spring.employee.dao.EmployeeDAOImpl">
		<property name="hibernateTemplate" ref="hibernateTemplate"></property>
	</bean>

	<bean id="employee" class="com.virtusa.spring.employee.entity.Employee">
		<property name="empId" value="101"></property>
		<property name="empName" value="Aravind"></property>
		<property name="empSal" value="10000"></property>
	</bean>

</beans>